INSERT INTO DBUSER.DAUERTICKETPREIS(VON, BIS, DAUERTYP_ID, KOSTEN) VALUES(TO_DATE('1999', 'YYYY'), TO_DATE('2019', 'YYYY'), '24H', 5.00);
INSERT INTO DBUSER.DAUERTICKETPREIS(VON, BIS, DAUERTYP_ID, KOSTEN) VALUES(TO_DATE('2019', 'YYYY'), TO_DATE('2021', 'YYYY'), '24H', 5.50);
INSERT INTO DBUSER.DAUERTICKETPREIS(VON, BIS, DAUERTYP_ID, KOSTEN) VALUES(TO_DATE('2021', 'YYYY'), TO_DATE('2023', 'YYYY'), '24H', 6.00);
INSERT INTO DBUSER.DAUERTICKETPREIS(VON, BIS, DAUERTYP_ID, KOSTEN) VALUES(TO_DATE('2023', 'YYYY'), TO_DATE('9999', 'YYYY'), '24H', 7.50);

INSERT INTO DBUSER.DAUERTICKETPREIS(VON, BIS, DAUERTYP_ID, KOSTEN) VALUES(TO_DATE('1999', 'YYYY'), TO_DATE('2019', 'YYYY'), 'MO', 70.00);
INSERT INTO DBUSER.DAUERTICKETPREIS(VON, BIS, DAUERTYP_ID, KOSTEN) VALUES(TO_DATE('2019', 'YYYY'), TO_DATE('2021', 'YYYY'), 'MO', 78.00);
INSERT INTO DBUSER.DAUERTICKETPREIS(VON, BIS, DAUERTYP_ID, KOSTEN) VALUES(TO_DATE('2021', 'YYYY'), TO_DATE('2023', 'YYYY'), 'MO', 85.00);
INSERT INTO DBUSER.DAUERTICKETPREIS(VON, BIS, DAUERTYP_ID, KOSTEN) VALUES(TO_DATE('2023', 'YYYY'), TO_DATE('9999', 'YYYY'), 'MO', 95.00);

INSERT INTO DBUSER.DAUERTICKETPREIS(VON, BIS, DAUERTYP_ID, KOSTEN) VALUES(TO_DATE('1999', 'YYYY'), TO_DATE('2019', 'YYYY'), 'JA', 1500.00);
INSERT INTO DBUSER.DAUERTICKETPREIS(VON, BIS, DAUERTYP_ID, KOSTEN) VALUES(TO_DATE('2019', 'YYYY'), TO_DATE('2021', 'YYYY'), 'JA', 1650.00);
INSERT INTO DBUSER.DAUERTICKETPREIS(VON, BIS, DAUERTYP_ID, KOSTEN) VALUES(TO_DATE('2021', 'YYYY'), TO_DATE('2023', 'YYYY'), 'JA', 365.00);
INSERT INTO DBUSER.DAUERTICKETPREIS(VON, BIS, DAUERTYP_ID, KOSTEN) VALUES(TO_DATE('2023', 'YYYY'), TO_DATE('9999', 'YYYY'), 'JA', 400.00);

--bei der ÖBB kosten immer alle Züge gleich viel - wenn nicht erwünscht, bitte anpassen
INSERT INTO DBUSER.EINZELTICKETPREIS(VON, BIS, ZUGTYP_ID, KOSTEN) VALUES(TO_DATE('1999', 'YYYY'), TO_DATE('2019', 'YYYY'), 'S', 1.00);
INSERT INTO DBUSER.EINZELTICKETPREIS(VON, BIS, ZUGTYP_ID, KOSTEN) VALUES(TO_DATE('2019', 'YYYY'), TO_DATE('2021', 'YYYY'), 'S', 1.20);
INSERT INTO DBUSER.EINZELTICKETPREIS(VON, BIS, ZUGTYP_ID, KOSTEN) VALUES(TO_DATE('2021', 'YYYY'), TO_DATE('2023', 'YYYY'), 'S', 1.50);
INSERT INTO DBUSER.EINZELTICKETPREIS(VON, BIS, ZUGTYP_ID, KOSTEN) VALUES(TO_DATE('2023', 'YYYY'), TO_DATE('9999', 'YYYY'), 'S', 2.00);

INSERT INTO DBUSER.EINZELTICKETPREIS(VON, BIS, ZUGTYP_ID, KOSTEN) VALUES(TO_DATE('1999', 'YYYY'), TO_DATE('2019', 'YYYY'), 'REX', 1.00);
INSERT INTO DBUSER.EINZELTICKETPREIS(VON, BIS, ZUGTYP_ID, KOSTEN) VALUES(TO_DATE('2019', 'YYYY'), TO_DATE('2021', 'YYYY'), 'REX', 1.20);
INSERT INTO DBUSER.EINZELTICKETPREIS(VON, BIS, ZUGTYP_ID, KOSTEN) VALUES(TO_DATE('2021', 'YYYY'), TO_DATE('2023', 'YYYY'), 'REX', 1.50);
INSERT INTO DBUSER.EINZELTICKETPREIS(VON, BIS, ZUGTYP_ID, KOSTEN) VALUES(TO_DATE('2023', 'YYYY'), TO_DATE('9999', 'YYYY'), 'REX', 2.00);

INSERT INTO DBUSER.EINZELTICKETPREIS(VON, BIS, ZUGTYP_ID, KOSTEN) VALUES(TO_DATE('1999', 'YYYY'), TO_DATE('2019', 'YYYY'), 'EC', 1.00);
INSERT INTO DBUSER.EINZELTICKETPREIS(VON, BIS, ZUGTYP_ID, KOSTEN) VALUES(TO_DATE('2019', 'YYYY'), TO_DATE('2021', 'YYYY'), 'EC', 1.20);
INSERT INTO DBUSER.EINZELTICKETPREIS(VON, BIS, ZUGTYP_ID, KOSTEN) VALUES(TO_DATE('2021', 'YYYY'), TO_DATE('2023', 'YYYY'), 'EC', 1.50);
INSERT INTO DBUSER.EINZELTICKETPREIS(VON, BIS, ZUGTYP_ID, KOSTEN) VALUES(TO_DATE('2023', 'YYYY'), TO_DATE('9999', 'YYYY'), 'EC', 2.00);

INSERT INTO DBUSER.EINZELTICKETPREIS(VON, BIS, ZUGTYP_ID, KOSTEN) VALUES(TO_DATE('1999', 'YYYY'), TO_DATE('2019', 'YYYY'), 'IC', 1.00);
INSERT INTO DBUSER.EINZELTICKETPREIS(VON, BIS, ZUGTYP_ID, KOSTEN) VALUES(TO_DATE('2019', 'YYYY'), TO_DATE('2021', 'YYYY'), 'IC', 1.20);
INSERT INTO DBUSER.EINZELTICKETPREIS(VON, BIS, ZUGTYP_ID, KOSTEN) VALUES(TO_DATE('2021', 'YYYY'), TO_DATE('2023', 'YYYY'), 'IC', 1.50);
INSERT INTO DBUSER.EINZELTICKETPREIS(VON, BIS, ZUGTYP_ID, KOSTEN) VALUES(TO_DATE('2023', 'YYYY'), TO_DATE('9999', 'YYYY'), 'IC', 2.00);

INSERT INTO DBUSER.EINZELTICKETPREIS(VON, BIS, ZUGTYP_ID, KOSTEN) VALUES(TO_DATE('1999', 'YYYY'), TO_DATE('2019', 'YYYY'), 'RJ', 1.00);
INSERT INTO DBUSER.EINZELTICKETPREIS(VON, BIS, ZUGTYP_ID, KOSTEN) VALUES(TO_DATE('2019', 'YYYY'), TO_DATE('2021', 'YYYY'), 'RJ', 1.20);
INSERT INTO DBUSER.EINZELTICKETPREIS(VON, BIS, ZUGTYP_ID, KOSTEN) VALUES(TO_DATE('2021', 'YYYY'), TO_DATE('2023', 'YYYY'), 'RJ', 1.50);
INSERT INTO DBUSER.EINZELTICKETPREIS(VON, BIS, ZUGTYP_ID, KOSTEN) VALUES(TO_DATE('2023', 'YYYY'), TO_DATE('9999', 'YYYY'), 'RJ', 2.00);

INSERT INTO DBUSER.PREIS_JE_HALTESTELLE(VON, BIS, KOSTEN) VALUES(TO_DATE('1999', 'YYYY'), TO_DATE('2019', 'YYYY'), 0.2);
INSERT INTO DBUSER.PREIS_JE_HALTESTELLE(VON, BIS, KOSTEN) VALUES(TO_DATE('2019', 'YYYY'), TO_DATE('2021', 'YYYY'), 0.3);
INSERT INTO DBUSER.PREIS_JE_HALTESTELLE(VON, BIS, KOSTEN) VALUES(TO_DATE('2021', 'YYYY'), TO_DATE('2023', 'YYYY'), 0.5);
INSERT INTO DBUSER.PREIS_JE_HALTESTELLE(VON, BIS, KOSTEN) VALUES(TO_DATE('2023', 'YYYY'), TO_DATE('9999', 'YYYY'), 0.65);